no.,title,date,time,planner,category,tag,comment,keyword
#2,蘭たんvsすぎるガチラップバトル,2017/3/4,80分?,蘭たん,歌回／実写,涙_塩分_マルゲリータ…／まもりたい〜買いたてやから〜／ねじねじって顔にならへんやんか／地獄回／伝説の始まり／衝撃の生放送,企画会議特別篇の振り返り＆白熱ラップバトル！ＤＪシューとハッチakaも参戦！！ トークテーマ・例のアレの歌詞について・グッズ・時報,缶バッチ／グッズ企画／焼酎うめぇ／しんすけ／メロンパン／ラップバトル／hacchiの手
#3,優しい蘭たんの回,2017/03/18,70分?,蘭たん,歌回／実写,ベルのおじさん／俺は暴力男／たべたの？／ホワイドデー／するるくん／悪魔のビデオ／血を吐く／ナポリは添えるだけ／デッ3,ホワイトデーに因んだマル秘青春時代トーク＆蘭たんの優しさ溢れる動画　トークテーマ　・すぎるのボツ歌詞披露・世の中はホワイトデーらしいですが・・・,俺は暴力男／ホワイドデー／するるくん／ランドセル／ちぎられた／学校の女の子の絵本／
#4,shu3の爽やかシモネタ回,2017/3/25,80分〜,shu3,オリキャラ／歌回／実写,ティニス／シューゲラー／SGR式／そして伝説へ／子宮が曲がる回／コード（高度）／伝説の始まり／特殊ED回／ギスギス回,shu3が自信を持ってお送りする下ネタ大乱舞　トークテーマ　・もの申す男たち・オチが理解できるかクイズ,
#5,ナポリの男たち新メンバーオーディション,2017/4/1,80分〜,ナポリ,オリキャラ／歌回／,ローション大蛇／さだ民生／白ニットセンター分け／トゥイ／神回／内臓明／黒板五郎／スーパー銭湯／闇プ,ついに新メンバー加入！？　トークテーマ　・世の中は４月、新生活が始まりますが・・・,
#6,すぎるの今夜は恋してナイト,2017/4/8,90分〜,すぎる,,グール／52:13／540円／牛脂／神回／いい夢見れましたか？／上履きウォッチャー／ヤリのアーティファクト／THEチョコ,メンバー１のピュアボーイすぎるの赤裸々恋愛トーク！ TSの音声が数カ所破損していたので一部録画ファイルをつなぎ合わせています　トークテーマ　・ナポ男のおすすめ・恋バナ,
#7,hacchi作・恋愛ゲー『ラブラブ恋してる』鑑賞会,2017/4/15,70分〜,hacchi,自作ゲーム／オリキャラ／実写,ハートくん／マンキーモンキー／梅干しの妖怪／牛脂／バーバリアン／ワナオトコ／にゃろめ,hacchi渾身の恋愛ゲー　トークテーマ　・ナポ男のセンス王・オススメ結果発表,
#8,芸術家蘭たんの才能開花,2017/4/22,80分〜,蘭たん,実写／料理／オリキャラ／,角刈り警察／ナポルフ神話／神回／角刈り警察初出動回,蘭たんが描く衝撃のナポルフ神話　トークテーマ　・ナポ男のめっちゃ好きやねんウチ・ナポ男のオススメ・世の中ではポテチが無くなるそうですが・・・,今週の塩／亀戸組／イボーン／タカ／両面焼き／hacchiの手
#9,上流貴族shu3による「上品ネタ」披露会,2017/4/29,80分〜,shu3,実写,お兄様／ルイshu3世／ファッションチェック／角刈り警察／破壊チャリ／パンプス追いかけおじさん／参加できてない,上流貴族shu3の美しく貴きネタ披露　トークテーマ　・オススメ振り返り・辛口おすぎのファッションチェック・バイトの話,ファッション
#10,すぎるのわんぱく子供番組！,2017/5/6,80分〜,すぎる,実写／歌回／,しらないおじさん／おじさんのうた／1:09:36~／溺れるshu3／鼻うがい／人でなしサイコパス,すぎる制作の子供向け番組上映　トークテーマ　・オススメ振り返り・夜会の振り返り・世間は大型連休真っ只中ですが・・・,くるまくん
#11,hacchiと学ぶUNKの歴史,2017/5/13,110分〜,hacchi,実写／紙芝居,BEN／がんばろう！！タカシくん／51:40／ドイツフェスタ／クソ回／キャシー,hacchiが図書館に篭って調べ上げたうんこの歴史を教えます　トークテーマ　・オススメ振り返り・恥ずかしい話,
#12,風邪ひき蘭たん励ます回,2017/5/20,100分〜,ナポリ,歌回／実写／紙芝居,角刈り警察／涙の夜／やんねん…／98：00／外見の話ですかぁ？／玉が氾濫／心はないんか！／蘭たん不在回／黙れ化物語,風邪ひき蘭たんをみんなで励まそう　トークテーマ　・オススメ振り返り・めっちゃ好きやねんウチ・すぎるとshu3の角刈り警察24時,
#13,蘭たん奇病にかかるの巻,2017/5/27,90分〜,蘭たん,紙芝居,がんばろう！！ヨハンくん／肛門回／神回／Booooom／体育岡崎／５本ともぉ！？／病ジャック・オ・蘭たん,奇病動画　トークテーマ　・蘭たんが肛門科に行った話・前回の放送振り返り・感謝トーク・かっこいいもの,岡崎体育／今週の塩／コイケヤ／revin
#14,shu3ねっとり回,2017/6/3,80分〜,shu3,歌回／実写,Dream_Fire／冒涜やでこれぇ！！／ザッザッ／豚畜生先生／山内くん／そんな翔太も３７歳／ちんげの集合体／73:52,shu3のねっとりとした話　トークテーマ　・１周年記念グッズプレゼント・１周年記念配信・shu3のねっとり話,
#15,一周年記念24時間配信,,,,,,,
#16,すぎるのオススメ100連発！,2017/6/17,100分〜,すぎる,,胸筋shu3／フンギセッキ／やらしてもらってる／家の中の電柱／shu3の胸筋／マウスパッド／乳のノイズ／Bluetoothのチェー／中井貴一,すぎるのオススメ１０００連発　トークテーマ　・マウスパッドデザインコンペ・１周年記念配信振り返り,グッズ企画
#17,hacchiのオリジナルスタンプ発表,2017/6/24,100分〜,hacchi,オリキャラ,ペンチマン／終焉のボタン／サンキュー&ペンチ！／マリオ(すぎる)／あれおれもうおれあれあれ／ドラゴン山上／LINEスタンプ／ペンチマン初登場,hacchi制作オリジナルスタンプ（非売品）　トークテーマ　・今やネットに慣れたわれわれですが・・・・ゲームの思い出（夏）,
#18,蘭たんの人間失格,2017/7/1,100分〜,蘭たん,歌回／オリキャラ／自作ゲーム,解放〜リベレーション〜／cwニコル／走れオロチ／天童アキ子／森羅万象エロ本／サイコパスラーすぎる／すぎる絵描きうた／広島の狂犬,蘭たん制作のマル秘文学　トークテーマ　・shu3が最近おかしい・・・・旅,
#19,shu3の『好みのタイプ探してきました』,2017/7/8,90分〜,shu3,歌回／紙芝居／オリキャラ,解放〜リベレーション〜／外科医／ハントシィ↑／元気なおっさん／真剣30代しゃべり場／マウスtoマウス／合法ロリ／おねじり様,shu3がナポリの女たちを連れてくる　トークテーマ　・開放リベレーション・真剣30代しゃべり場,
#20,すぎるの夏休みの自由研究,2017/7/15,80分〜,すぎる,実写,セキジュンコ／クソモノマネ大会／ﾋﾞｰｽﾞﾅｧｲ！／すーさん／hacchi専用動画／ｶﾞﾝﾀﾞﾑﾐﾀｲﾅﾊﾅｼﾔｧ…／タイムマシン／神回／hacchiを脱がした男,すぎるの自由研究発表会　トークテーマ　・動画を投稿しました・海開きシーズンですが最近何を開いた？・29連勝が話題になっていますが・・・,
#21,hacchiの思うナポ男の20年後…。,2017/7/22,70分〜,hacchi,紙芝居,ハリケーンすぎる／汁沢博士／春は☆けだもの／ガウチョ／オーガ〇ズム／殺しのポイント／ネットあんじゃ〜ん／ソーダ電球／謎の感動,hacchiの想像するナポリの２０年後の未来とは　トークテーマ　・オススメ振り返り・いつか行きたいねナポリ・雹が降りましたが・・・・,オーガニズム／春はｋだもの／アイコス
#22,蘭たん10周年,2017/7/29,120分〜,蘭たん,紙芝居／実写／歌回／自作ゲーム／オリキャラ,宿徳／蟹工船の男たち／わいやすぎや／ペンチマン／いいじゃない／戒厳する子猫／出し抜けレトロ／発注ミス／特殊ed回,蘭たん１０周年をお祝いしよう＆蘭たんが１０年前に連載していたラノベとは・・・,涙の夜ペンチマンVer.
#23,ナポ男、真夏の怪談スペシャル,2017/8/5,100分〜,ナポリ,紙芝居／オリキャラ,放送事故／VR／じょぼにゃん／トゥイ／インド人さん登場回／何卒／VR肛門科／過失割合／雑学回,みんなでVRホラーを体験しよう　トークテーマ　・ナポリの男たちの『階段』,
#24, shu3のいきおいよくやる回！！！,2017/8/12,90分〜,shu3,実写,塩顔警察24時／VR王様ゲーム／ドヤ顔ですかね／44:45／角刈り警察／神回／でゅｗ／金粉／すぎるDEマンボ,shu3が勢いに任せてなんかやるぞ　トークテーマ　・もうすぐお盆ですが・・・・10年のゲーム遍歴・前世占い,
#25,すぎるの『S-Studio』,2017/8/19,90分〜,すぎる,歌回,涙の夜／問題作／蝕をしたい／チンチムリン／フライドマクドおいもさん／ｳｪｲｳｪｲｳｪｲ／公開反省会／涙の夜（shu3バージョン）／大阪恋特急,すぎるの画期的トーク生番組　トークテーマ　・動画投稿告知・ナポ男の二次元女性遍歴,
#26,hacchi作の『すごろく』で遊ぼう,2017/8/26,80分〜,hacchi,自作ゲーム／オリキャラ,綺麗な逆ギレ／尿意の計算／クソ果樹園／えなりループ／えなりトライアングル／揉んだらええやん／またナポリ／特殊ED回／1:21:03,hacchiの奇想天外すごろく　トークテーマ　・最後の締めの挨拶会議・動画あげました,
#27,ROCK破羅嘆DIEボーカルのゲスな夜遊び,2017/9/2,90分〜,蘭たん,オリキャラ／紙芝居／実写,shu4／エロの伝道師／チキンオーバーライス／右手で画面端／サタン蘭／予測変換が気になる動画／ウメサキ／げんた／特殊ed回,ROCK破羅嘆DIEボーカルが登場　トークテーマ　・甲子園の高校野球が話題ですが・・・・ナポ男の意外に〇〇・最近のゲーム事情,hacchiの手
#28,shu3作のゆるキャラ回,2017/9/9,90分〜,shu3,オリキャラ,笑みがこぼれた／オギャたん／しょうもなペンギン／ピーズのチザ／ギリシャ彫刻／パン／信号哲学／hacchi情緒不安定回／角刈り警察定休日,shu3作ゆるキャラ発表会　トークテーマ　・ナポ男の人生哲学・忘れられない一言・もう夏も終わりですが・・・,
#29,近畿北部連合総督・怒羅権過流(ドラゴンすぎる)の硬派一直線,2017/9/16,90分〜,すぎる,オリキャラ／歌回,可愛い(ワンパンで倒せそう)／ぐにゃあ／あ^^;／怒羅権過流(ドラゴンすぎる)／どんぐりのマウント／はっ！(絶命)／ｲﾙｯ！／神回／みかん（笑）,硬派実況者すぎる　トークテーマ　・ナポ男のオススメ・ナポ男のモテ期,ちょい／囲炉裏／スパーク／P
#30,hacchi動物園へようこそ!!,2017/9/23,80分〜,hacchi,オリキャラ／紙芝居,パウルクリー／こらー！／しげき／ワァオ！！！！／イキリOL／やめてね？／shu3＝兎説／山岸／1:04:19,hacchiが園長の動物園へようこそ！　トークテーマ　・ナポ男の(く)・挫折したこと,
#31,蘭たんの考える半沢直樹,2017/9/30,110分〜,蘭たん,実写／料理回／自作ゲーム／オリキャラ,スコる／スペースギャング坪井／スコッティ／シュレディンガーのスコ／アフガンの瓦礫／TRPG／デスホーン／ブラッドバッファロー鈴山／バイオレンスピエロ岡田,半沢直樹を１ミリも知らない蘭たん制作の半沢直樹　トークテーマ　・ナポ男の一日・動物の話,しんすけ／ヘルシオ／TRPG
#32,shu3のクイズ王！,2017/10/7,110分〜,shu3,,方言クイズ／神回／AVクイズ／焼死体くん／じゃんじゃんころしてつかあさい／じゃろ？／甘栗むかされてます(´;ω;｀)／ころされちゃいます＾＾／お前OLじゃないだろ,shu3制作のクイズ番組　トークテーマ　・ナポ男のオススメ・ナポ男の日常これどうなん？,
#33,料理アドバイザーすぎるの『負けるな女子！』,2017/10/14,80分〜,すぎる,,ペニ丼／どっこい正太郎／キスしてハグして／公開反省会／フジハラノリカ／多国籍／あの星を求めて／問題作／お料理回,すぎるのお料理番組　トークテーマ　・ナポ男の九死に一生・ナポ男の恥ずかしかった話・ナポ男の総選挙,ルーツ
#34,hacchiのえほん 〜たのしいおりょうり〜,2017/10/21,90分〜,hacchi,歌回／紙芝居／料理回／実写,キビヤック系男子／ポテサラ論争／ボノボ系男子／ブツ藻くん／俺をやめろ／ゴーヤくん／ダークヘッジ丼／マブダチ、オレタチ。／お料理回,hacchiのたのしいお料理絵本　トークテーマ　・ナポ男のサジェストクイズ・ナポ男の旅行計画・ナポ男の〇〇系男子,今週の塩／最終兵器俺達／茸／FB777／キヨ／hacchiの手
#35,ハロウィン企画・仮面雑談会＆蘭たんのお習字ハロウィン,2017/10/28,90分〜,蘭たん,ボイチェン／実写,排水溝ボイス／モテの共産主義／角刈り警察／けじめなさいよ／カマ回／クソボノボ／いったろかな／俺をやめろ／ボイチェン回,蘭たんのお習字　トークテーマ　・もの申す男たち・仮面雑談会,
#36,shu3の成猿人向けビデオ,2017/11/4,90分〜,shu3,紙芝居,ご長寿クイズ／ビスケット社／カードどす／犬になってもいいですか？／チャウネン・テ・ランタン／無職になってもいいですか？／ぺろぺろしてしまう,shu3クソボノボ　トークテーマ　・穴埋めクイズ・今だから言える話,穴埋め回／
#37,すぎるの愛情弁当,2017/11/11,90分〜,すぎる,料理回／実写,ジャバみ／甘栗パターン／パッター／弁当回／セルフネグレクト／冒頭ドッキリ企画／はっちゃんに届け／神回／お料理回,すぎるがhacchiに送った愛情弁当　トークテーマ　・ナポ男の超パーティ・ナポ男の食生活,食べ物の話
#38,hacchiのナポリカレンダー発表,2017/11/18,90分〜,hacchi,,電気棒／11:40／バイオテロ／としか思えない／キャプテン部主将／コストコン／恋していいよ免許,hacchi制作のナポ男カレンダー発表会　トークテーマ　・蘭たんが盗聴してたナポ男の素トーク・ナポ男のお悩み相談,しんすけ／ヤス／今週の塩／すぎるVS塩
#39,蘭たんの「パスギルドッコイショ！」,2017/11/25,80分〜,蘭たん,実写／紙芝居／オリキャラ,ボノ坊／豚畜生先生／金ならあるでガハハ／パスギルドッコイショ！／はっちゃん／間に合ってん／角刈り姉妹／サイコパスラーすぎる／バイノーラルレイプ,蘭たんの作る子供番組　トークテーマ　・カレンダーコンペ・ナポ男の一番幼い記憶・ナポ男の一番食べたいもの,しんすけ／まお／今週の塩
#40,shu3の「ナポ男かるた」,2017/12/2,90分〜,shu3,,雪兎さん／shu3の耳かきボイス／終焉のボタン／84:55／焼きうどん／関ダニ∞／菅田将暉,shu3がナポ男かるたを作ってきたぞ　トークテーマ　・ナポ男のファッションチェック〜クリスマスデート編〜・冬の思い出,ファッション
#41,すぎるの昭和感動ヒストリー,2017/12/9,120分〜,すぎる,,お通じLINE／ダエモン／放送事故／男優／無限を描くな／生徒会副長／でたのー？／プロンプトン／コメ非表示推奨,すぎるのサッカー部時代の友人紹介トークテーマ・ナポ男のマイブーム遍歴・ナポ男の背伸びして買っちゃいましたでヤンス,
#42,hacchiのナポ男心理分析,2017/12/16,90分〜,hacchi,,通知簿／オリエンタルゴースト／琵琶湖かコンソメ／呪怨でも金／タニシ／公開告白／肩幅スルー／ミリミリミリ／ねえ！,hacchiのナポ男心理分析　トークテーマ　・来週はクリスマス配信・ナポ男のこんなクソゲーありました・ナポ男の楽しみにしてること,草だこれ／ガッチマン／3Dすぎる
#43,かま騒ぎ反省会,2017/12/24,60分〜,蘭たん,,聖夜の懺悔／かま騒ぎ本編→sm32475248／チュパカブラ／神回／あ〜〜、サンキュ／ecchi／43:30?／ワイやすぎや／公開セクハラ,クリスマスかま騒ぎSP後の大反省会（タイムシフトのコメントが大きく遅延していたので前半部分コメントがありませんごめんなさい！,
#44,蘭たん主催・年末ヒットソングメドレー,2017/12/29,90分〜,蘭たん,歌回,ヌメ乗りジョニー／神回／ワン・エイト・ディスコ／はつ桜／nocchi／年末ヒットソング回／初高槻／すぎるだった件／特殊ed回,(音声少し小さめです)蘭たんプレゼンツ2017ベストヒット歌謡祭　トークテーマ　・誕生日だったらしいじゃない？・今年の振り返り：一番〇〇だったこと・来年の抱負,
#45,shu3のインスタ映え年越し旅行記,2018/1/6,90分〜,shu3,歌回／実写／料理,陰スタ映え／ジャムおじちゃん／shu3（浜田）／その発想はなかった／仮歌披露会／かにみその悲劇／んこ〜〜／誰か死んだの？／角刈り戦争,shu3のインスタ映え旅行記　トークテーマ　・蘭たんの仮歌披露・夜会振り返り・お正月の過ごし方・ナポ男の初夢,
#46,すぎるの大学生活,2018/1/13,90分〜,すぎる,実写,シールドヒッポ／問題作／ジョワ／ティッシュ／高槻市／沈めんねん／ティッシュいる？／ﾊｰｲ／すぎるのすいませんでした,すぎるのすいませんでした　トークテーマ　・ナポ男の戌年・ナポ男のお年玉使いみち・ナポ男の成人(式),
#47,ナポ男のオリジナルスタンプ発表回,2018/1/20,100分〜,ナポリ,オリキャラ,文字ぎゅうぎゅう罪／LINEスタンプ／神回／サイコパス裁判／犯罪のデパート／怖い波ーーーー！！！／ペンチマン／やりすぎ罪／怖くない波ーーーー！！！,ナポ男（hacchiが主に）制作のオリジナルスタンプ発表会　トークテーマ　・すぎるのサイコパス裁判・呪怨について,
#48,「タカシのえじき」ゲームで遊ぼう,2018/1/27,110分〜,ナポリ,実写／ボドゲ回,蘭たん文学コレクション／コナン回／かにみそ／素直になんでやねん／ﾘｮｳｶｲｼﾀ／例のアレ(ねじねじ)／冒頭！？／カッパくん,タカシのえじきで遊ぼう！　トークテーマ　・JKJC流行語大賞2017・無駄遣い王決定戦,コナン／ハゲタカのえじき
#49,shu3の下ネタテキストサイト発掘回,2018/2/3,100分〜,shu3,,イマジナリー部員／逆圧迫面接／なんで？／ども！／仕事とお金どっちが大事ですか？／ﾄｯﾎﾟｷﾞｨ／みさくらshu3／神回,shu3の黒歴史　トークテーマ　今週はリスナーお便りスペシャル,ファッション／
#50,すぎる製作の理想のラノベ,2018/2/10,100分〜,すぎる,オリキャラ／紙芝居,コケジンちゃん／電子ドラッグ／転生したらコケジン女王だった件／セルフカット／二次元のhacchi／パンチパーマ／29:47／ｴｯ…／絶句,すぎる理想のラノベ発表会　トークテーマ　・来週の男たち不採用ネタ振り返り・男性二次元遍歴,電子ドラッグ
#51,目指せ! hacchiマスター!!,2018/2/17,90分〜,hacchi,実写,チョコレートパーシー／BDK／ん！！／キスして！！／昭和生まれの猫語／にゃろめ／神回／ご蘭心／いやだ！！！, hacchiクイズ王は誰だトークテーマ・穴埋めクイズ第二弾・世の中はオリンピック一色ですが,hacchiの手／穴埋め回／
#52,蘭たんプレゼンツ！shu3 vs すぎるのイケメン乙女ゲーバトル！,2018/2/24,100分〜,蘭たん,自作ゲーム／オリキャラ,神回／クラッシュバンディク〜♪／ホンマええなぁナポリって／有料拷問／俺のだ／W桑原／雑魚ぉ?／ラ↑ーメン／兄弟,蘭たんがshu3とすぎるをイケメンプロデューストークテーマ・ナポ男の兄妹・それじゃあ3月に集まりましょう・・・,
#53,卒業！？さよならshu3,2018/3/3,80分〜,shu3,歌回,ｽﾃﾝﾊﾞｰｲ／神回／神曲／shu3やめへんで／いきがい・巻き貝・ほら貝／広島行ったろうかな／金の話／41:26／ご蘭心,shu3卒業！？　トークテーマ　・チャンネル一周年の振り返り・二周年目にまでやりたいこと・今だから聞いてみたいこと,
#54,ナポリの男たち親睦会・振り返り,2018/3/10,110分〜,ナポリ,実写,神回／地獄のように空いてるなあ／shu列車／＞∇＜／悪趣味＆翼／虎T／すぎるパレード／ワールドマップ／ウーロン茶ぁ,会ってきたのでご報告。放送が不安定だったのでところどころ音声に不自然なところがあります。ごめんなさい！,
#55,すぎるのマジ泣きチャレンジ,2018/3/17,90分〜,すぎる,,俺は太宰じゃない／ﾑｯ?／亀トーク／オワァーッ!（ドン引き）／神回／ポロリもあるよ♪／自給自足,すぎるが生放送中にマジ泣きに挑戦企画　トークテーマ　・俺は太宰じゃない・世の中は卒業シーズンですが,
#56,hacchiの「こんなんやないかなテレビ」,2018/3/24,80分〜,hacchi,紙芝居,自由なキャンパス／スケルトン／ゾンパ／スポッチャのあの丸いやつ／がんばろう！！タカシくん／3級&ペンチ／店長ゾンビ／フラフープのでかいやつ,hacchiの予想する人気テレビドラマや映画　トークテーマ　・ナポ男のならいごと・もしゾンビで溢れたら・・・・ナポ男のもうひとり居る！,
#57,バーチャルyoutuberナポリの男たち,2018/3/31,80分〜,蘭たん,ボイチェン／紙芝居,BDK／哀れになってきた／素ぎる／飯よそいステップ／48歳／国家転覆罪／犯罪欲張りセット／スノボノボ／ドッキリ,蘭たんが今なにかと話題のVtuberをやってみた　トークテーマ　・ナポ男のアマゾン・検証企画！すぎるはオフでもちゃんとツッコむのか！？・ナポ男の大人買い,HPローション
#58,shu3の事業計画『リストランテ・ナッポオ』,2018/4/6,100分〜,shu3,,ビタミンC／やれたぞ委員長／タノイベ／運営の逆サプライズ／脇汗バロメーター／（金）脈アリ／クソボノボ／太宰の口,shu3がナポリの男たちレストランをプロデュース　トークテーマ　・夜会ゲスト発表・脈アリ審査会・親ってほんまデリカシーないわぁ・・・,岡崎体育
#59,すぎるの実況者斡旋所 〜あなたにピッタリな実況者見つけます〜,2018/4/15,100分〜,すぎる,自作ゲーム／オリキャラ／歌回,ナポリの宝／家族会議／信号議論／セルフギスギス／俺のおしっこの何がわかるんだ／トゥイ／キスして！！／ん！！,すぎるがおすすめ実況者を紹介　トークテーマ　・夜会振り返り・アンパンマンいるいないクイズ・子供の頃信じていた嘘,
#60,hacchiのわっしょいモリモリ作詞(詩)発表回,2018/4/22,90分〜,hacchi,歌回,豚畜生先生／ナポ男再結成時のうた(仮)／バーバリアン／神回／豚回／告知(犯行予告)／おれは太宰じゃない／ナポルフ神話,hacchiがナポ生エンディング曲を制作　トークテーマ　・最近ムカついたこと・オカルト・ミステリーSP,豚畜生先生
#61,『カノジョ創作ゲーム』で遊ぼう,2018/4/29,120分〜,ナポリ,ボドゲ回,アナ雪たち／しゆみ／二毛作／○○の妹／噛み回／手榴弾／不動産屋に餌／細長い雪だるまみたいなやつ／G,彼女選びゲームで遊ぼう　トークテーマ　・ナポ男と無人島にいくなら・・・・ダメ映画の話,しんすけ
#62,せつめい上手のしゅーうさん,2018/5/5,110分〜,shu3,歌回,真っ黒カビユーザー／太鼓持ち／Dearパパ~Bad_Description~／やめるそれ？／米騒動／後藤さん,shu3が色んなことを説明します　トークテーマ　・GWでしたが・・・・ナポ男の好きなもの当てまSHOW,米津玄師／本
#63,すぎるの教えるワールドカップ,2018/5/12,100分〜,すぎる,オリキャラ／ボイチェン,タカツキボールモドキ／ぺれちゃん／ホントホント！／メッシクッツイテンスヨッ！／ころすぞぉ〜☆／神回／ファランクス／ハッチカラ！／ヴァスカビルの犬,大のサッカー好きのすぎるがW杯のあれこれを教えます！　トークテーマ　・今年もやります長時間配信・ナポ男の財布の中身・ナポ男のリア友,
#64,hacchiのナポ男マスコットづくり,2018/5/19,90分〜,hacchi,オリキャラ／紙芝居,豚畜生先生／タカツキボールモドキ／コナン回／地獄車／冷マ／ナポペンくん／ミッキーじゃない？,※この回はアーカイブ録画に失敗してしまったのでコメントがありません。ごめんなさい！hacchiがナポ男のマスコットを考えてきた　トークテーマ　・コナン・ナポ男の褒め殺し・2周年グッズ企画コンペ・新人が入る季節ですが…,コナン／グッズ企画／豚畜生先生／今週の塩
#65,蘭たんが小学生のとき書いた学級新聞で癒やされよう,2018/5/26,80分〜,蘭たん,,学級新聞／鯨が跳ねた／芋引く／ナポリの男たち様／マイク=ポップ／さいきょうです〜〜〜／かわいそね／農民説,蘭たんが小学生の時に書いた学級新聞をみんなで見よう　トークテーマ　・2周年記念配信について・ナポ男のオススメ・ナポ男のコンプレックス・ナポ男のはてな,
#66,『ワードウルフ』で遊ぼう,2018/6/2,100分〜,ナポリ,ボドゲ回,トークの達人／3ヶ月に1回あるやつ／ドラゴンフルーツ／ふわふわ回／ワードウルフ／バイト／分かった(分かってない),ワードウルフで遊ぼう　トークテーマ　・2周年記念配信タイムスケジュール・ナポ男の冷や汗がタラリ・もしナポ男が同じバイト先だったら・・・,
#67,すぎるの家覚えてるかなクイズ,2018/6/16,90分〜,すぎる,実写,指／ドゥーン／伏線／クソダサパジャマ／360°紐だらけ／庭師／くまのこども／うんこ人狼／90゜の階段,どんだけ覚えとんねんクイズ　トークテーマ　・2周年記念配信振り返り・ナポ男のこれはエロかった・・・・ナポ男の密かな憧れ,
#68,ナポ男の発想力テスト！,2018/6/23,100分〜,hacchi,,ペンチマン／こっち見んな／くっせぇなおめぇありがとな／*／パンですけど？／地震おじさん／自己顕示欲の象形文字／尻ノギス／道徳回,hacchi先生の発想力テスト　トークテーマ　・W杯の話・ナポ男のコミュ力向上委員会・告知など,
#69,パスはる先生の本日の料理 〜ナポリタン〜,2018/6/30,80分〜,蘭たん,料理／オリキャラ,パスはる先生／クッキングパパ／虫歯の妖精／69／頑張ればセミダブル／神回／覆したいshu3の常識を／パスよし／お料理回,蘭たんのお料理番組　トークテーマ　・夏の予定・ナポ男の大人になってから・ナポ男のこんな視聴者おったなぁ・・・,
#70,shu3のヤングでSHOW,2018/7/7,90分〜,shu3,オリキャラ,週5でエクレア／アイコンセンター分け／問題発言／ヤング／浮かれたテーマ／デニムメガネ／YP(ヤングポイント)／童顔裁判／78:58,shu3のヤングな番組　トークテーマ　・ナポ男のスマホホーム画面・ナポ男の履歴書,タカ／岡崎体育／米津玄師／焼酎うめぇ／ロウ＆ヒロセ／しんすけ
#71,すぎるの１週間大喜利,2018/7/14,110分〜,すぎる,オリキャラ／実写,shu3くじ／12歳。／問題作／快調な滑り出し／パンチョの回し者／大喜利くん／一回りブサイク／なんでそれを読むんや…,1週間かけて大喜利の答えを考えてきました　トークテーマ　・ナポ男の初めて〇〇してきた,
#72,真夏の歩絵夢（ぽえむ）はっぴょうかい,2018/7/21,100分〜,hacchi,,実況者バトルロイヤル／豚畜生先生／出小手のshu／豚畜生杯／hacchi構文／なによ！！／神回／スコ／高槻にて,どれがhacchiのポエムか当てよう！動画途中でコメントが途切れてる箇所は音飛び修正箇所です　トークテーマ　・ナポ男の12歳・もしもゲームの世界に入れたなら・もしもタイムスリップしたなら,ニャスパー／豚畜生先生
#73,蘭たんが中学生のとき書いた小説をノベルゲーにしました,2018/7/28,100分〜,蘭たん,自作ゲーム／オリキャラ,夢日記／特殊ED回／35:00〜イヤホン推奨／なんやそれ禁止／減算してヴァルス／蘭to父さん／告知丸／左脳の上のhacchi／ディメンショ,蘭たん君の小説をみんなで読もう　トークテーマ　・ナポ男のゆめにっき,タカ
#74,『ピンチ切り抜けゲーム』で遊ぼう,2018/8/4,110分〜,ナポリ,ボドゲ回,インターネット老人会／水族館のお土産／知っとるねぇ／ゴキブリかなぁ？！／ヤクザの集金みたいなバッグ／ガチムチドワーフ,ピンチ切り抜けゲームでみんなで遊ぼうコメント空白地帯は音ズレ修正箇所です　トークテーマ　・秋アニメについて,
#75,真夏の怪談スペシャル,2018/8/11,100分〜,ナポリ,オリキャラ／自作ゲーム,神回／ホラー回／しゅーちゃん／振り向きざまにオンザライス／hacchi崩回／おねじり様／ペンチマン／トイレのすぎるさん,真夏のワイワイ怪談回　トークテーマ　・エアコン設定温度どうしてんねん選手権・ホラーキャラクター対策本部,
#76,アイドルヲタ伝説〜11年間1人のアイドルを好きだったヲタ〜,2018/8/18,110分〜,すぎる,オリキャラ,さゆみお嬢様／早口言葉／おゆずりさま／4329日／老人ホームのレクリエーション血と水と汗と涙／無呼吸連打,そしてすぎるは重い口を開いた・・・　トークテーマ　・蘭たんの冒頭モノマネまとめ・お前ホンマにそれ好きなんか選手権・自分の部屋の気に入ってるインテリア・早口言葉選手権,
#77,hacchiのガチほのぼの回 「ナポ男たちの夜」,2018/8/25,90分〜,hacchi,紙芝居,ポテ党／めにゃ丼／肉食ルンバ／ガチパコオンリー宣言／かけてよ！／夢おじ／ドラえもん＝家電／遠いのな／神回,ナポ男の裏の顔をhacchi劇場でお楽しみください。音飛び修正箇所多数です！　トークテーマ　・国民的キャラの評価を下げましょう・お悩み相談「初デートのお悩み」・ナポ男のイメージに合ったデートプラン,
#78,蘭たんの「間に合いませんでした謝罪企画」,2018/9/1,80分〜,蘭たん,自作ゲーム,ヨギー／L-26号／ナポリプロジェクト／ラン小西／両膝疲労骨折／ナポリの蘭たん,トークテーマ　・今週色々あったよね・モチベーションを教えてください・ナポ男の服装黒歴史,ファッション
#79,嫌われ者を押し付けろ！ナポリポーカーを遊ぼう,2018/9/8,110分〜,ナポリ,ボドゲ回,角刈り警察／さよなぽり／好感度バケモノ／白虎隊／越えてくるな！／1万マイリストの説明,トークテーマ　・ナポ男の夏の思い出,
#80,ナポリの男たちバーチャル化計画,2018/9/15,90分〜,すぎる,オリキャラ／紙芝居,どす恋！／しゃあしゃあ／神回／発注ミス／10万円のケンタッキー／悪夢のレパートリー／USJ／ｽｷﾞﾙｻﾝｯ!,トークテーマ　・ナポ男の大阪旅行記・ナポ男の健康事情,USJ回
#81,hacchiの「霊と過ごす一週間」,2018/9/22,90分〜,hacchi,紙芝居,ナポ男給湯室／平成のオッサン／せっかくだからフルチン／おっさん回／兵長／ナポリの生霊たち／ワンペア／エゴサあるある,トークテーマ　・新コーナーナポ男給湯室・ナポ男の思い出ダウト・昔の動画をふりかえってみよう,
#82,ナポリの男たちの占い結果大発表会,2018/9/29,110分〜,ナポリ,,ナポ男給湯室／ケン坊泣かせのナポリ／実況ED／金字塔／chu3／メンタル雑魚2人組／いい波に乗る／本場のノリツッコミ／一方その頃すぎるは…,トークテーマ　・ナポ男給湯室・占いにみんなで行こう,米津玄師
#83,蘭たん王を決めろ！蘭たん100問クイズ,2018/10/6,80分〜,蘭たん,,ナポ男給湯室／埼玉県神奈川／ゴリラ語／ナポ男100問クイズ／「「ね〜」」／蘭たん100問クイズ／神回／おれ女性優位,トークテーマ　・ナポ男給湯室・ミニゲームスペシャル！,都道府県
#84,shu3によるスケベ王決定戦,2018/10/13,90分〜,shu3,実写／紙芝居／オリキャラ,シューゲラー／桃優位／俺の山から降りるな／もー！(絶命)／参加型スケベ／蘭たんのガチ泣きチャレンジ,トークテーマ　・ナポ男のマウント王・ナポ男写真部「秋の気配」・あともう一つこの機能があれば・・・,
#85,すぎるのカッコイイ男になりたい,2018/10/20,90分〜,すぎる,ゲーム配信／実写,ナポ男給湯室／カスタムキャスト／ブロッコリーチャレンジ／問題作／両側から来るデブを抑えるポーズ／ににんがし／カレンダー,トークテーマ　・ナポ男カレンダープレゼント企画・カスタムキャストで遊ぼう,グッズ企画／
#86,ハロウィン地獄の13企画スペシャル,2018/10/27,80分〜,ナポリ,歌回／実写／深淵,地獄回／スイスの聖歌隊／ブロッコリーチャレンジ／涙塩分マルゲリータ／フランスパン工房／パンでそ？／お前日本人ちゃうやんけ！／何光年も一緒だよ／蘭ルモ,地獄の１３企画・・・,ブロッコリー／本田翼
#87,hacchiのワクワク断食チャレンジ,2018/11/3,80分〜,hacchi,実写,ナポ男給湯室／純文学／センター分け試験／すぎる_10.21_すぎる／豚畜生先生／神回／ワイやすぎや／雄すぎ／ブロッコリーマン,トークテーマ　・給湯室・俺のブロッコリー・ナポ男の１ページ文学部,雄すぎ／hacchiの手
#88,陰キャでも分かるスタバ入門,2018/11/11,130分?,蘭たん,,イキリフラペチーノ／ナポ男給湯室／スターバックス／カウンセリング回／桃水／神回／懺悔室／詰みのプロ,トークテーマ　・給湯室・ゲームキャラ名付け癖・ナポ男のサインを作ろう・もし女の子ならやりたいバイト,
#89,shu3の癒し企画！,2018/11/17,90分〜,shu3,実写／オリキャラ／歌回,ペチャポ／いろんなうどん（ボサノヴァver.）／ブロッコリーチャレンジ／便座ブロック／レジのおばちゃんの昼飯／FUSSA／上田の手／中村さん／神回,トークテーマ　・ナポ男のレシート一週間・死後の世界について,ブロッコリー／徳信
#90,すぎる主催！ナポリの男たちの「すべる話」,2018/11/24,90分〜,すぎる,,寝カマ／巻き込みすべり／あればどうぞ／ハッチンポテト／ビデェ！／サイフ／寝言／放送事故／寝謝罪,トークテーマ　・ナポ男の一週間寝言チャレンジ・実況者が選ぶ実況名シーン,今週の塩／リティナ／Revin／すあだ／ロウ／しんすけ
#91,運命を変えろ！ マリオテニス勝負！,2018/12/1,90分〜,ナポリ,ゲーム配信,ティニスの王子様／マリオテニスエース／運命を騙す作戦／キノコ先輩／ネット際の魔術師／口からドーン！！／主人公力／普通のおっさん／JJ,トークテーマ　・今一番楽しみにしてること・ナポ男と外国人,
#92,いきなりゲスト！ロウの山梨いいとこ100選！,2018/12/7,90分〜,ロウ,ゲーム配信／歌回,ロウ(ゲーム動画実況者)／九州の毒蛇／泣いちゃったじゃ?ん／マリオテニスエース／うなぎおいしっ／神回／任天堂ゲーム配信／乳毛／ゲスト回,トークテーマ　・ロウのオススメ　・ロウの寝起きゆめにっき,ロウ／しんすけ／すぎラップ／ねじれ！
#93,ワクワク!! hacchiサンタの真剣プレゼント選び,2018/12/15,90分〜,hacchi,紙芝居,せんずり／使用済みタオル／横にシュピ―――ン／もみあげが真四角／初手バリカン／DK／角刈りの美容師／フサフサ先生／サンタ回,トークテーマ　・先週放送の振り返り　・2018ナポ男流行語大賞　・ナポ男とJCJK流行語大賞,
#94,唐突!! すぎるの結婚式リハーサル,2018/12/22,90分〜,すぎる,実写,猫桜みゃあ／恋するおしり／インターネット集団幻覚／雷門／two_people／マブのマブ／詰んだ家庭／ガチ回,トークテーマ　・hacchiへのお返し　・PUBG大会について　・ニコニコ以前の男たち,幕末志士／FB777
#95,年末ヒットソングメドレー,2018/12/29,90分〜,蘭たん,歌回,shu3の寝言／年末ヒットソング回／FIGHT！デバッグ☆シュピキュア／CHANGE_MY_MIND／真相〜janseung〜／特殊ED回／専業デュフ／飛び起き子／告訴我一人,トークテーマ　・今週いろいろやりました！　・今年のふりかえり　・来年の振り返り,MSSP／幕末志士
#96,shu3方向音痴検証＆蘭たん仮歌披露会,2019/1/5,100分〜,shu3,歌回,高槻ワンサイドラバー／逆アイス／剃毛／パウダースノー／仮歌披露会／チュッパ／徘徊老人／隠しスタバ,トークテーマ　・ナポ男の年末年始　・ナポ男の初夢　・hacchiのツッコミ予想クイズ,方向音痴
#97,ホンモノを見抜け！実況者格付けチェック,2019/1/12,90分〜,,ゲーム配信,松崎しげるMODの人／任天堂ゲーム配信／ケイティハウス／すぎる検定／神回／you3／「大丈夫です！！」／ガム食う？／野良犬の遠吠え,トークテーマ　・今年一番〇〇だったこと　・もしナポ男がテラスハウスに入ったら,
#98,新春オリジナルイラスト発表回,2019/1/19,80分〜,,オリキャラ,豚畜生先生／豚畜生杯／文字ぎゅうぎゅう罪／腹膨らませ／ヘルメッポ,トークテーマ　・100回記念人気キャラ投票企画！　・人気キャラ3位を当てよう！,
#99,100回直前SP！ナポリの男たちアメリカ進出大作戦！,2019/1/26,100分〜,,ボドゲ回,賭博黙示録すぎる／シアトル／ちゃんとやれや／定時退社／すぎるという生き物／神回／ディフェンもシブ／アニメ_エロ,トークテーマ　・ナポ男のアメリカ進出大作戦,
#100,祝！100回記念！ナポ男人気キャラ投票結果発表！！,2019/2/2,120分〜,ナポリ,,アイスクリーム学会／順番ですよね／苦労を語る長老／神回／天の声／ガチ勢／天然記念物／ナポ男人気キャラ投票,トークテーマ　・ベスト３予想　・チャンネル放送大振り返り,
#101,shu3の太鼓持ち企画,2019/2/9,80分?,shu3,実写／料理回,高槻ワンサイドラバー　SUGIRU_AGAIN マカロンだろうが　パスはる先生　神回　せしめんとす　ゴリラのゴーちゃん,トークテーマ ・ナポ男の挑戦！はじめてのお菓子作り,高槻ワンサイドラバー（太鼓持ちVer.）
#102,誰でも「すぎる」になれる奇跡のイケボ術！,2019/2/16,90分?,すぎる,,ナポ男給湯室　ピョリピョリ　コーヒー刑事　ライブ感　タイムライン　左京　神回　きたわる　蘭ルモ,トークテーマ ・復活ナポ男給湯室 ・どう森の出来事表を見てみよう ・ナポ男がもし相棒の相棒になったら,相棒／ボイトレ／だっふんだ面接
#103,ナポリの『1年前クイズ』答え合わせ！,2019/2/23,100分?,ナポリ,,リアルペンチマン　違う世界線のナポリ　丸太はマイクラではない　出産の現場(ステージ) ｺﾗ?！　煮汁,トークテーマ ・ナポ男の一枚（写真） ・パブロフの犬,レトルト／イボーン／ケイ／米津玄師／ロウ
#104,ナポリの男たちの平均当てまショー,2019/3/9,90分?,,ゲーム配信,19GB みんなで空気読み。　嫁(アレクサ) 深読み。　国会図書館　後天性ハリー　たっちゃん ,トークテーマ ・みんなでくうきよみ ・展示会開催決定！,hacchi個人実況
#105,ナポ男春の五七五,2019/3/16,100分?,,ボドゲ回,抜け忍　バーバリアン　性豪　すぎるという居場所　糞機能　GUNになってる　豚畜生先生　妖怪です　ぃ゛ギィリスぉう室゛,トークテーマ ・20代でやるべき１２のコト,ブロッコリー／角刈り警察
#106,蘭たんの熱血ディズニー塾！,2019/3/23,130分?,蘭たん,オリキャラ,倉島一幸　ゴミカスうんこ人間　ピュアピュア天使　ディズニー　ナポリテン　しきす　夢の国チキンレース　アレッキー　何がだい？,トークテーマ ・今週色々ありましたが・・・ ・展示会情報！,SSラジオ／幕末志士／パスラーマウス／ハッチャンダック／くまのしゅーさん
#107,スナックしゆみの人生相談,2019/3/30,100分?,shu3,ボイチェン,しゆみ　神回　スカルノ食い　週3　ぷるんっ　civ1500時間　盛り！　スコッティ　裏もも筋肉痛,トークテーマ・ガチで新元号当てまSHOW・好きな子の鼻毛が出てたら・ナポ男のガチ泣きエピソード・斜に構える⇔者に構えない・ナポ男の好きなお菓子ベスト１,しんすけ／今週の塩／深淵
#108,ナポ男の自然体モテ王バトル！,2019/4/6,150分?,,,コナン回　ヨーグルト番長　一冊でわかる狂気　リカオンショット　フィリップをお使い下さい　ちゅ〜るケーブル　メガネブーム　ダブルスピンエーッジ！,トークテーマ・新元号について・ガチ滑りエピソード・教えてナポ男,きよ太
#109,hacchiお願いここ行ってきて企画,2019/4/13,90分〜,hacchi,,神回　メイド喫茶　猫・ザ・裸子植物　杉岡ねじり丸　hacchic　シュラスコ　誰も来なかった　これよ　山月記,トークテーマ・グッズ情報公開第一段・ナポ男と最後の挨拶・シュラスコ,
#110,蘭たんの「ナポキス2019」,2019/4/20,90分〜,蘭たん,,ナポキス　ティニス　角刈り警察　むなきん　(ラテン語で死という意味)　プログラムパンチ　ガチ植物　出るもんも出らんわ,トークテーマ・テンションの上がる店・テンションの上がるサイト・ナポ男の理想のPC部屋,
#111,ナポリの男たちの「ハチえもん」,2019/4/27,80分〜,蘭たん,,ハチえもん　神回　発想は一緒ですよね　高槻の風のように…　全員飛び道具　ハリケーンすぎる　考察して　ナポリ天　頭悪くない？,トークテーマ・ファミ通.com様記事について・グッズ紹介・ナポ男とGW,
#112,shu3の『ここがヘンだよナポリメン』,2019/5/4,100分〜,shu3,,山賊スタイル　サラダ　氷帝のベンチ　コナン回　釣り人　ラボホテル　ガキ四人　オーバーサイズのチンピラ　ジャーかよ！,トークテーマ・ジャンプのアンケートに載ってたそうですが・SEKIRO配信おつかれさま・ナポ男とゼロシコ,
#113,すぎる王を決めろ！すぎる100問クイズ,2019/5/11,90分〜,すぎる,,ピーズのチザ　すぎる100問クイズ　ナポ男100問クイズ　アイスの話　ヒョロガリゲーム実況者　刺すよ?　メチャクチャにする　陰攻撃　言わなかった罪と気付かなかった罪,トークテーマ・グッズ情報第三弾・ナポ男の「どっち派？」・怖い夢,
#114,素顔に迫る！ナポ男の友達インタビュー,2019/5/18,90分〜,hacchi,,インド人さん　ざくさん　ロウ(ゲーム動画実況者)　ゲスト回　股間ペガサス　三者面談　来いよshu3　千年原人,トークテーマ・水平思考クイズ・みんなに言ってない小さな自慢,
#115,ナポリの男たちのLINEスタンプガチリリース回,2019/5/25,90分〜,ナポリ,,LINEスタンプ　クソ果樹園　巨大な男性の乳首　亀仙コーデ　お姉さんを倒す　大蛇丸効果,トークテーマ・グッズ発表第三弾・この夏こういうの着たいねん,
#116,目指せ１０周年！脳トレで若返り大作戦,2019/6/1,100分〜,,,介護疲れする動画　老老介護　たよりる〜　老人ホームの言い争い　神回　機械と機械がぶつかるよ　高槻山のすぎるさん　食べナス　はじめまして,トークテーマ・グッズボツ案紹介・理想の男友達・ナポ男の部活のおもひで,
#117,3周年配信褒めごろし企画,2019/6/15,90分〜,,,アフロ現象　うんぽ　ガウ的　頑張り屋さん　win-win-win　美意識　ｲｲﾈｪ~ｯ　ナポリテン　コンシューラー,トークテーマ・怒涛の一週間,
#118,hacchiの１人ラジオ収録企画,2019/6/22,90分〜,hacchi,,豚畜生先生　神回　自刈り　しなびた干瓢のようなガラクタ　穀潰し　虚ろな人間　鼻呼吸　はっちめ　コウペンちゃんスタンプ,トークテーマ・キャラの生い立ちを考えてみよう,
#119,蘭たんの『勝手に動画編集』,2019/6/29,80分〜,蘭たん,,芝目　わざと置いていきました　バキューマー　高槻の眠れる獅子　任天堂ゲーム配信　雑魚エピ　川合俊一　神回,トークテーマ・理想の男友達・俺流ケンカの切り抜け方,
#120,潜入！『ナポリテン』レポート！,2019/4/6,120分〜,ナポリ,,ナポリテン　魔法少女ミンキーピンキー　恐悦至極(めっちゃ嬉しい)　すぎる母　パスギルドッコイショ！　ナポリテンレポート：34:45〜,トークテーマ・リムワ完結しました・ナポ男と歯医者,
#121,すぎるのメンズメイク初見実況,2019/7/13,100分〜,すぎる,,ティッシュオフ　ガチ薪　神回　ブリーフ層　メンズメイク　芋煮会　顔でかいからや　詰みのプロ　化粧水三銃士,トークテーマ・ナポ男スタンプ使用率・勝手なイメージで勘違い,
#122,ナポ男おもしろ男テスト！,2019/7/20,90分〜,,,"被告もう寝た？　ベーコン「おはよっ」　マ""ク""ドォ""!　フィレオフィッシュ　差し歯組　ナポ男おもしろ男テスト　男気票　禿同　すぎる’",トークテーマ・マクドナルドの思い出・「ちょっとエロい」ってどれぐらい？・やってはいけないけどやってみたいこと,
#123,真夏の蘭たんスポーツテストクイズ,2019/7/27,100分〜,蘭たん,,体力測定　円卓の騎士　神回　ミスリード　ん゛っ　女児　運動音痴,・最近暇な時なにしてんねん・ナポ男の好きなところ16位を大発表,
#124,汁沢博士のガチンコぱそこん教室,2019/8/3,110分〜,shu3,,酢そうめん　神回　裏拳　タピオカ　こんばんはマン　パね？　タネを棒にムギュムギュ　蘭たん専用動画　蘭ルモ,・納涼！そうめんチャレンジ・自分だけが苦手に思ってそうなこと,
#125,すぎるのわてのなつやすみ（２８）,2019/8/10,90分〜,すぎる,,わてなつ　自民ですぞ　ワイズ　しなない！　神回　見覚す！　アベック　サムネ制作6時間,・来年流行るラノベのタイトル・知らない人とどう喋る？,
#126,酷暑だわっしょい！アフレコ企画！,2019/8/17,80分〜,,,酢そうめん　メンダコ太郎　すぎる2nd　M75　フレッシュ　志村犬　俺は蓋を知ってるから　見てみんさい　やりたかっただけだろ,・もし自分がワールド１−１を攻略することになったら・ナポ男の勝手に都市伝説,
#127,蘭たんに届いた１通のホラービデオ,2019/8/24,70分〜,蘭たん,,おねじり様　日向ネジ　デスブログ　あらへんわ　あるよぉ！　英語2　長老　パンで挟まれる,・どう森完結しました・ナポ男のあったな〜王決定戦,
#128,shu3の「ナポ男、夏の終りの２日間」,2019/9/7,80分〜,shu3,,子象　百姓スタイル　音割れ＿なんで＿【検索】　^ム^　実況ミュータント　メキシコの塩　ぎぢゅちゅしゃ　ｱﾞｱﾞｱﾞｱﾞｱﾞｱﾞｱﾞｱﾞｱﾞｱﾞｱﾞ　詠唱破棄,・大阪テングッズ紹介！・ナポ男の身近な疑問,
#129,すぎるの騒音チェック,2019/9/14,70分〜,すぎる,,任天堂ゲーム配信　あなたの願い叶えましょう　551　新聞をめくる音　温めたいですか？　ｼｬｽﾝ　｢え？｣｢え？｣｢え？｣,・ナポ男の未解決事件・こういう時あなたならどうする？・大阪ええやん,
#130,3人からの難問! hacchiのオシャレぢから診断,2019/9/21,80分〜,hacchi,,部族（辛さの単位）　レアすぎる　あ、ハゲてる　骨董品屋　死に装束　カプサイシンは脂溶性　すぎるの声変わり,・ナポ男のチャレンジ報告,
#131,初心者でもイキれる！蘭たんのコーヒー入門,2019/9/28,100分〜,蘭たん,,ｽﾎﾟﾝｽﾎﾟﾝｽﾎﾟﾝ　豆パスラー　mug3　細gucchiケトル　メンマ　深刻なイケメン化　ギリギリchop　ストームコーラーすぎる,・動画があがりました,
#132,増税も吹っ飛ばせ！shu3のB級動画炸裂！,2019/10/5,80分〜,shu3,,ナポリレース　CMが本編　媚びない　舐められるマン　この穴にね！　おむすびころりん　マックが大好きやからやそれは,・ナポリテン開催中です・めっちゃ媚びてしまった・ナポ男と運動会・実況中のハプニング,
#133,すぎるの愛情弁当（秋）,2019/10/12,80分〜,すぎる,,m字開脚　shu3ベビー　街角shu3　高槻のジャムおじさん　弁当回　（優しい笑顔）　shu活　内部点　お料理回,・街角のshu3を捜せ・ナポ男のおすすめ,
#134,秋の夜長！言葉の発想力ゲームで遊ぶわよ！,2019/10/19,80分〜,ナポリ,,野タオル　すき焼き論争　ナポリテン　乳首万能説　乳牛　乳首バレ　ジャック・オ・まんたん　ヤパリ…　プリ男,・ナポリテン無事終わりました、ありがとうございます,
#135,蘭たんが前世占いに行って前世を体験してきたぞ！,2019/10/26,80分〜,蘭たん,,前世占い　大蛇丸　おにぎり論争　ヘビーカッパー　ボー,・ナポ男のおすすめ・俺の萌え・スマホが無い時代の暇つぶし,
#136,文化の秋！ナポ男合唱団公演会（指揮者：shu3）,2019/11/2,80分〜,蘭たん,,神回　ぼくも（わたしも）　特殊ED回　ボブ　ノミみたいな桑田佳祐　卵　音程の取れた工事現場　Mr.コメディ　蘭ルモ,・ナポ男の無個性化選手権・ごはんに合うわ〜,
#137,発足！すぎもと新喜劇,2019/11/9,80分〜,すぎる,,座長！　ワンタン　くるぞ…　問題作　牛の頭　3人目のアフロ　ちらおじ　新喜劇　雀の死骸…？,・ナポ男の理想の立地・ナポ男のルーティーン,
#138,hacchiの心に残るひとこと,2019/11/16,80分〜,hacchi,,絶起　エアポートおじさん　KP(長渕)　スピードスター　ロウ・メイカー　故に00　おじギャグ　不覚にも　きくらげ,・ナポ男の恥ずかしい過去の遺産・JK用語クイズ2019,
#139,蘭たんのやってみたかったゲーム『トモダチコレクション』をやってみた,2019/11/23,90分〜,蘭たん,,トモダチコレクション　任天堂ゲーム配信　コナン回　ハワイ万能説　動物畜生　肛門扱い　砂山の利害関係,・直したい癖・ナポ男のゲームプレイ分析、あなたはどっち派？,
#140,みんなで遊ぼう「なぽりしょうぎ」,2019/11/30,80分〜,ナポリ,,トモダチコレクション　どす恋!　2way　任天堂ゲーム配信　スパム事件　屁こきのshu,・ナポリのともだちコレクション・祝！「どす恋」漫画化,
#141,すぎる制作『ナポ男理想の少女漫画』,2019/12/7,80分〜,すぎる,,アナザーガール！　トモダチコレクション　ぺれちゃん　うれション黙示録第3章　女騎士　任天堂ゲーム配信,・初代ゲームボーイの思い出・もし旅先でコナンに絡まれたら・緊急議論！エロに打ち勝つには？,
#142,hacchiサンタのわくわく手作りプレゼント,2019/12/14,80分〜,hacchi,,"トモダチコレクション　任天堂ゲーム配信　あ""る""っ!!　ランタンパープル　パすぎる　ファッキンドリンク　すぎるvs塩　見てるよゴエモン",・ナポ男流行語大賞2019・有能パシリ選手権・がんばれゴエモンの『がんばれ』とは？,
#143,ナポリの男たちの「どす恋」,2019/12/21,80分〜,ナポリ,,トモダチコレクション　任天堂ゲーム配信　P・T・N　今日だけは主役　どす恋！　ターボまな　ペンチマン　そやったな！　神回,・俺的ゲームオブザイヤー・大人になったと感じた瞬間,
#144,年末ヒットソングメドレー2019,2019/12/28,90分〜,蘭たん,,RING-TONE　横浜哀恋慕　KAKUGARI_RAP_BATTLE　年末ヒットソング回　乱れたシーツ　腕出せ！　おっさんしかいないんだもん！　特殊ED回,・来年の抱負・今年の振り返り・今年のチャンネル放送お気に入りシーン,
#145,新春！ほのぼのモルック大会,2020/1/4,80分〜,ナポリ,,レッドアリーマー　蘭たん（鈴木福）　モルック　トモダチコレクション　任天堂ゲーム配信　スリーピング・シティ　おたま(蘭たん)　すぎる(親鸞上人)　特殊ED回,・年末ヒットソングボツ曲披露・ナポ男の初夢・年末年始,
#146,すぎるの連れてきたAIに色々教えてあげよう,2020/1/11,80分〜,すぎる,,トースパン　AIちゃん　老害ヨゴレ実況グループ　アスホール　おっさんずファブ　神回　からあげ,・ナポ男のおみくじ事情・２０２０はこれが来る！・ナポ男の今年欲しい物・今年一番〇〇だったこと,
#147,hacchiが前世占いに行って前世を体験してきたぞ！,2020/1/18,80分〜,hacchi,,トモダチコレクション　任天堂ゲーム配信　下品ザマス　ポン酢ごはん　オワリイズム　#ネオエクスデス　背骨みたいに長い沢庵　スピリチュアル回　アンラッキー,・hacchiの前世予想・ナポ男のストイック飯・ジャンプ新連載予想,
#148,スリーピング・シティのPVを作ろう,2020/1/25,80分〜,蘭たん,,スリーピング・シティ　PV:63:00〜　スモーキング・シティ　肩幅刑事　鼻つまってない！（完）　副流煙　神回　レッドマン　怖いか？,・どす恋アフレコ動画公開！・試験の思い出・できる男の見分け方・高級品と安物の違い・・・？,
#149,蘭たんプレゼンツ！すぎるの例の癖を検証企画,2020/2/2,80分〜,蘭たん,,GENKINさん　飛騨の怪物　心ッ臓　ほぞかみん　マグナム　後付け乳首　あの日の夕焼け空?♪　ドスケベ忍者☆揉み丸,※一部動画内に通信アプリの通知が映り込んでしまっています、申し訳ありません。（内容は問題の無いものです）　・他の3人にハンドルネームをつけよう・先輩に奢るよと言われてどこまで攻めるか・身体の一部を機械化できたなら,
#150,ナポリカレンダー2020を作ろう,2020/2/9,80分〜,ナポリ,,わかる星人　サガット　千刷り　トランクス　野武士　海神　ポセイドン　血に染まったスニーカー　独立していいですか？,・最近知った世間の常識・写真を撮る時のポーズ・最近失くして辛かったもの,
#151,ナポ男のお菓子作りに挑戦,2020/2/16,90分〜,ナポリ,,タキシード仮面　タッチマン　ナッツイーター　トースパン　がんばれ！ナポリの男たち！　神回　放送事故　デブの始まり　すぎる(視聴者)　お料理回,※今回はコメント付き動画の録画をしていなかったのでコメントなしです。ごめんなさい！　・周りに言うと驚かれる我が家の普通・ドラマになったら誰に演じて欲しい？・ナポ男の〇〇やめたい,
#152,語り部（かたりべ）：shu3,2020/2/23,80分〜,shu3,,暗いカレー屋　実況の悪魔　ハニカミ少年　黒歴史回　スタジオ　余りエピソード　居残り給食　イワシ　鬼野菜,・人生グラフを描いてみた・地味に孤独を感じる瞬間,
#153,NYで話題沸騰のエクササイズにすぎるが挑戦してきた,2020/2/29,90分〜,すぎる,,EAT_ME　ふいっとねす　ダンス　おらの大失態　みんなのすぎちゃん　ボブ送り　神回　撮れ高の化け物　許せない,・1年前に何してた？・犬猫ぐらいの大きさだったら飼いたい生き物・高校に上がる時に気を付けるべきこと,
#154,お邪魔するぜ！ hacchi&shu3なぽり旅(山梨編),2020/3/14,90分〜,ナポリ,,ロウ(ゲーム動画実況者)　朝日奈あや　タラの芽事件　がぶ飲みメロンソーダ　影NG　パーカータッチマン　勝ちぃ…　アナゴさん　エッグマン,・1週間今日の一枚,
#155,今更！オープニングジングルを作ろう回,2020/3/22,70分〜,ナポリ,,ベタコーン！　拍手　兄上　鍬使いのhacchi　ライト(右)ユーザー　企画_54:30　老害回　かけ、かけ、はむｫﾝ、はし、はしﾝ…,・チキンライスにグリンピース入れる奴が普段やってそうなこと・地味に自信があること・近頃の若いもんは,
#156,ナポリの男たちch 人気企画投票結果発表,2020/3/29,80分〜,ナポリ,,ジョニーさん　座薬　PSVITA　FF7リメイク　イマジナリーバレット　麦茶のゾンビ　ジャックさん　shu3票,・FF7RのCMに出演しました・人気投票ベスト３予想・私物シルエットクイズ,
#157,ナポリの男たち春の抜き打ち学力テスト,2020/4/4,100分〜,,,エホイヤ人　What's?　モザイクの海　ナポリの男たち　神回　アイスクリームの話　本人巡回済み　赤ペンチ先生,・私物シルエットクイズ・ランキング穴埋め,
#158,ナポ男の勝手にLINEトーク捏造,2020/4/11,80分〜,ナポリ,,黒歴史　事故（屁）　カニグラタン　特殊ED　シャバ僧　サバ缶　ミップ　ポカポカマン,・納得いってないおふくろの味・子供の頃ついた謎の嘘・入学式の思い出,
#159,すぎると一緒におうちで声出してみよう,2020/4/18,80分〜,すぎる,,ブタゴリラ　発注ミス　こぶとり爺さん(比喩)　ジジイ　伊達四人男衆　歌舞伎　確かに,・ブタゴリラあるないクイズ・おすすめの漫画・クイズ・暇すぎてやったこと,
#160,アラサー集団、知育菓子で遊ぶ,2020/4/25,80分〜,ナポリ,,知育菓子　毛抜き　デイビッド　牛乳ビン　上下アフロ　腕（かいな）一本　えなりシンジ　お料理回,・道具のいらない一人遊び・時間の潰せるウェブサイト・懸賞でもらったことあるもの,
#161,日本ナポリばなし〜雄すぎ〜,2020/5/9,80分〜,hacchi,,豚畜生先生　全肯定すぎる　神回　清掃のおじさん回　正義マン　雄すぎ　発注ミス　ブラックホール,・外出規制が終わったらやりたいこと・好きなトッピング・印象に残ってるHN,
#162,ナポ男のバンドメンバー紹介,2020/5/16,80分〜,,,リッツでパーティなんてするかバカ　シャドウバイキングタイガークロウ　レッドアリーマー　夢精　栃木(茨城)　すぎる（すぎる）　皆飛び道具　上級者向けナポリの男たち　映画話,・一生食い続ける食い物・使えるようになりたい技・漫画アニメで覚えてる雑学,
#163,ナポリ歌劇団『ナポンヌのムスカリ』,2020/5/23,70分〜,蘭たん,,ナポンヌのムスカリ　透明感　チーケー　嗚呼、美しきナポンヌ　射出台　課題曲　神回,#162は録画音声に問題があったので解決次第投稿します　・俺が1番〇〇だ・カタカナなしで説明してみよう,
#164,ナポンヌボツ曲披露＆ほのぼの絵心対決,2020/5/30,100分〜,ナポリ,,仮歌披露会　ナポンヌのムスカリ　2位争い　深刻な素材不足　ナポリ歌劇団　両津トトロ　スグールスロット　村一番の乳首,・ゲームでのトラウマ・緊急討論！男に乳首がある理由,
#165,shu3の挑戦状『すぎる邸から脱出せよ』,2020/6/6,80分〜,shu3,,おっさんの3　失禁の男たち　hacchi(単位)　ッタォァ…　しょわ?ほかほか　野良　公式巡回済み　世界一の拍手,・ナポ男のおすすめ,
#166,クイズ持ち寄り大会,2020/6/13,90分〜,ナポリ,,20世紀中年　町内会　あっくん　おじゃがキッチン　老人会　昭和ジジイがしゃしゃってダル　ぽっち　みじめゾ,・ナポ男の物持ち自慢,
#167,立体音響ホラー『SUGIRU HAZARD』,2020/6/27,80分〜,すぎる,,立体音響　感嘆符みたいな声　寝ろやぁ！(泣)　いくじなしが！　ほんまに？　無免ワイパー　ツッコミが追いつかない　じゃれあう象　ガン無視刑事,・１０万円の使い道・全力で逃げたこと・お疲れさま禁止令・６月のイベントを考えよう,
#168,史上最大のモノマネバトル,2020/7/4,70分〜,,,神回　ナポリの男たち　声帯3LDK　「手拍子して」　大おっさん　貼れよ！　確定ガチャ　蘭ルモ　陽水！陽水！,・おばあちゃんのこめかみの白いやつってなに？・のびたのめがねでかすぎ問題・クルーザーの魅力,
#169,hacchi王を決めろ！hacchi100問クイズ,2020/7/11,80分〜,hacchi,,ナポ男100問クイズ　hacchi100問クイズ　髪採用　みぞおちをドーン！　合気道の間合い　アラ！…………,・この３人と古着屋やりたい・ナポリ公式ランキングを作ろう,
#170,ナポ男なんでも相談室,2020/7/18,90分〜,,,虚無　祈り　神回　蘭太郎　しんどいか　ボイチェン回　すぐる(19)　ヨッシー　とことんヨッシー,・イメージで作る〇〇の1日,
#171,ぺちゃぽレースで遊ぶわよ,2020/7/25,130分〜,,,ぺちゃぽ　Cパート　玉突き事故　心無いアンドロイド　悪魔　ギャン泣きNo.1　モー男。　ハッピープレイス　死ゾ,・好きだったCM・人生で一番美味しかったもの・人生で一番感動したもの,
#172,スーパー絵描き歌コンテスト,2020/8/1,100分〜,,,じゃけん　天才的な運動音痴　お母さんそれ大っ嫌い　やってますね（現在進行形）　死後なれるかな…　剛を制さん柔　結果、誰？　いたんだよね　神回,・ナポ男の運動音痴王・モテたくてやったこと・ふと見かけた謎行動,
#173,お絵かき心理テストで遊ぶわよ,2020/8/8,100分〜,,,お絵描き心理テスト　チョコペぇ　あいじん　49位豚の角煮　手に余る　shu3(貫通)　ご立派よ　蘭ルモ,・お菓子ランキング・食レポ選手権,
#174,【週刊ナポリ】すっぱ抜き！「すぎるの隠された顔」,2020/8/15,80分〜,,,ｱﾀｼｨｰ?！　俺の財布があらへん　東洋のエル・ドラド(乳首)　ザリガニ　ド陰キャ　オス臭　守護霊まで吸われてる　池まるごと吸う番組　たった一人のすぎる,・何属性が一番かっこいいか・こんなシチュエーションに憧れる・個人的明るいニュース・お菓子ランキング,
#175,すぎるのナポリウェーイwww化計画,2020/8/22,100分〜,すぎる,,特殊ED回　一夜限りの魔法　神回　笑うな悪魔　shu1　野武士　秋田　kicchi　ワン・エイト・ディスコ,・国民的キャラの評価を下げよう第二弾・ナポ男の一点豪華主義,
#176,あの頃を取り戻せ！自由研究発表会,2020/8/29,90分〜,,,トンガリ　学んでマンボ　うんこ遊び　hacchi先生　あれっ？,・ゲームソフト売り上げランキング・〇〇の常識ってどこまで,
#177,hacchiがアクションゲームを作ってきたぞ!!,2020/9/5,90分〜,hacchi,,１ヶ月２ヶ月３か月後のうんこ　学んでマンボ　ペンチマン　アクションゲームツクールMV　ピンチ&ペンチ！,・芸能人似顔絵クイズ・ゴクウが日常で界王拳を使いそうな場面・妙に覚えている曲,
#178,正解決めゲームであそぼう,2020/9/12,80分〜,,,長老　スカたん　ドヨゴレ　チキュラ　乳首回　あがりした　おっさんのヌルヌル　正解のトマト　これが良いんです　ｳﾏｲｯ!,・動画があがりした・グッズ紹介,
#179,ニコニコ年表ゲームで遊ぼう,2020/9/19,110分〜,蘭たん,,長老　ウマイッ　スカたん　正解のトマト　動画があがりした　レベル3　禿げ回　インターネット老人会　はげだんぶい,・アレの相場っていくらぐらい？・死ぬまでにやりたい些細なこと,
#180,ナポリ視聴者意識調査,2020/9/26,90分〜,,,脱骨　ガチ臭No.1　神回　蘭たん_ハゲ　謝罪マウント,・信頼できる店の待合室の本セレクション・信頼できない店の待合室の本セレクション・仲直りの仕方,
#181,SHOW2 〜デスゲームは突然に〜,2020/10/10,120分〜,,,マーダーミステリー　SHOW2　初見コメント非表示推奨　らんちゅっぱ　すーさん　八潮竹太　おたま学部　神回,shu3制作のマーダーミステリーをみんなでやろう,
#182,ナポ男のハイテンション実況選手権,2020/10/17,80分〜,,,魚肉ハラスメント　神回　実家のような安心感　ジャック・オ・ワンタン　ドブボ実況　ピカる　スケベたちが築いたsomething　鬼滅一丁,・ナポ男一週間の献立・緊急徹底討論！一番エロい県はどこだ？・俺のチャーハン,
#183,すぎるが真面目に作ってきた日常シミュレーションゲーム,2020/10/24,90分〜,,,サブリミナル地図　商業都市ジャガーン　65:42　哲学　ひろいー　高槻の鬼才　スニゲーター　迷作,・ナポ男のオススメ・ナポ男のベストヒットソング・持て余してる収納スペース,
#184,ハロウィン地獄の13企画 2020,2020/10/31,80分〜,,,地獄回　ブロッコリーチャレンジ　栗原　神回　モラル無し男　やめろ,ハロウィン名物地獄回,
#185,第２回 ナポ男のおもしろ男テスト,2020/11/7,90分〜,,,ナポ男おもしろ男テスト　あかんでアレクサ！　sho3　ご飯洗い　ウォッチミー！　くらはまシロー　すぎルールー,・ナポ男の好きなゲームBGM・飲食店の打線・好きなじじいキャラの打線,
#186,裏切者は誰だ！正体隠匿ボドゲ「タイムボム」で遊ぼう 放送ページ,2020/11/14,90分〜,,,タイムボム　湿度の伏線　警察の方ァ！　排他的なノンストの終わり　すぎる_叫び声まとめ　気骨がある　何歳ですか、6歳って。　国臭,・ナポ男の俺の打線・身の回りのものｷｬﾜ対決,
#187,帰ってきたナポ男のトモダチコレクション,2020/11/21,90分〜,,,トモダチコレクション　任天堂ゲーム配信　HAIKINさん　部位チューバー　gyu3　お父3　にとうきんさんとうきん　ランタコス,・年賀状デザイン案発表・自分がマッチョだったらやりたいこと・〇〇喫茶を考えよう・ナポ男のルーティーン,
#188,ナポ男のトリセツ,2020/11/28,100分〜,,,戻してや　金色のアザッシュ　生ブタゴリラ　豚の呼吸　オレ繊細やで？　乳首NG　sacchi　事後shu3　余所でやんのかーい,・今年のJK流行語,
#189,目指せA級！キャッチコピー王決定戦,2020/12/5,90分〜,,,なんとかシックス　炭治郎(すみじろう)　AEIOU　妙に覚えているshu3　55:43?　独りでやってるやつ,・これ勉強しときたかった・足が速い子がモテる理由・妙に覚えているもの,
#190,ちゃんと使いやすいLINEスタンプを作ろう回,2020/12/12,80分〜,,,USAは凄ェなぁ〜　LINEスタンプ　ね？　recycle_boy　エコ畜生　取り立てマン,・ゆるキャラクイズ・天気の話を限界までしよう・なんであんなの欲しかったんだろ,
#191,ナポ男たちの聖夜はこうだ,2020/12/19,80分〜,,,決めつけの刃　捕食植物ヴェルテ・アナコンダ　大したもんや　塩分過多　死orビアンカ　すぎるさんの時代あったんすか？　存在しない記憶　夢小説,・俺が着てた謎の柄物・俺の作業用〇〇・幽霊を信じるか,
#192,年末ヒットソングメドレー2020,2020/12/26,90分〜,,,年末ヒットソング回　ウエストスター☆ピーターパン　本能デトックス　hacchi_likes_apples.　恐怖的日本鯉　すぎちゃんチキン　マブダチ、オレタチ。　20歳代の声　神回,・2020年の振り返り・2020年お気に入りシーン,
#193,ナポリカレンダー2021を作ろう,2021/1/9,80分〜,,,こうなりたいか…？　ハチマゲドン　黒くしときゃいいだろ中を　ダイダラボッチ　オギ　堪忍しとうやぁ　ＬＩＮＥスタンプ,・年末年始色々ありました・スタンプランキング,
#194,新春お前どんな初夢見とんねんグランプリ,2021/1/16,90分〜,,,内太り外太り　土農工商　村人の服　ダイソン　すぎるチャレンジ　マッシュルームケース　頭脳バトル　中村玉緒　アホライアーゲーム,・芸名グランプリ・今だから言える話・牛の話,
#195,名前付けゲームであそぶわよ！,2021/1/23,100分〜,,,デジタルメガフレア　オスペイン　山岸　北大路欣也　ロシア料理　アレデル　IT兄弟　高槻山のスギル　メイメイ,・うさんくさい若社長グランプリ・この薬何に効く？,
#196,ナポ男国会答弁,2021/1/30,110分〜,,,シュレディンガーのすぎる　使い古しの雑巾　角刈り党　忍空被り　あぇ？　ケツ圧　エンタメが無い　インド人さん,・欲しかったけど買ってもらえなかったゲーム・親に似てきた話,
#197,絵でお題伝達できるかな王決定戦,2021/2/6,90分〜,,,おえかきの森　並走うんこ　マジムカつくオンライン　ダイナマイトマイク　使い古しの雑巾　慶応義塾シャツ　お風呂みたいな日本酒　ぼくちゃん　汚蘭,・今後死ぬまでにサングラスをかけるか・ロン毛はどうか・バーの常連になると思うか,
#198,バレンタインだよ！ナポ男の恋愛映画レビュー,2021/2/13,60分〜,,,※ぶつ切りは仕様　山コーヒー　ガリガリやんw　烏龍茶のみ　紅しょうが（ダッシュ板）　うめぇ　イチゴとパンどこ行った？,※放送を急遽切り上げたので動画の最後がぶつ切りになっています。トークテーマ　・漫画大賞2021について・つい買ってしまう飲み物・つい買ってしまうパン,
#199,Re: バレンタインだよ！ナポ男の恋愛映画レビュー,2021/2/20,120分〜,,,4種のキス　登山ものの山　jun3　→B　冬のソナタ　コイキングキス,・印象に残っているゲームの〇〇,
#200,,,,,,,,
